CustomerID,CustomerName,Location
C1,Christopher Freeman,Lake Amandaview
C2,Donna Archer,West Ann
C3,Arthur Robertson,West Maryfurt
C4,Jeremiah Kelly,Jessicahaven
C5,Carlos Sexton,Davidberg
C6,Nicole Sandoval,Lake Krystalfort
C7,Lindsey Weaver,West Christopher
C8,Tiffany Patel,East Davidside
C9,Timothy Sanchez,Brownville
C10,Brian Howard,East Amyton
C11,Kathleen Mccarty,Ruizmouth
C12,Mary Brennan,Maloneshire
C13,Noah Morales,Robertmouth
C14,Hannah Cobb,Barnetttown
C15,Jennifer Miller,East Robertoside
C16,Danielle Jacobs,South Lindsay
C17,Barbara Carter,North Amandabury
C18,Christopher Collier,East Sarah
C19,Tiffany Gallegos,West Nicole
C20,Matthew Garcia,East Maryfort
C21,Kelsey Collins,Alexanderhaven
C22,Justin Hart,Lake Christinaside
C23,Kerry Peterson,Vancemouth
C24,Alexandria King,Port Jeremyberg
C25,Chloe Yoder,Lake Kara
C26,Elizabeth Morgan,Smithfort
C27,Angela Richards,Thompsonberg
C28,Jessica Holmes,Alexisberg
C29,Amanda Noble,West Penny
C30,Nicholas Bush,East Jacquelineview
C31,Rebecca Floyd,East Kenneth
C32,Raymond Valdez,New Vanessa
C33,Stephen Lopez,South Lindseyberg
C34,Paula Warner,Youngside
C35,Ian Mendez,East Anthonystad
C36,Matthew Anderson,Sarahside
C37,Lisa Holder,Johnsonmouth
C38,Brian Vega,North Valerie
C39,Julie Watson,Port Jeanne
C40,Beverly Hart,Lake Laura
C41,Anthony Bailey,Brandonview
C42,Tanner Young,North Brian
C43,Mrs. Kelly Harding,West Kenneth
C44,Jennifer Butler,Port Jaimeport
C45,Haley Noble,North Lisaside
C46,Jordan Taylor,West Jonathan
C47,Courtney Williams,Port Corey
C48,Steven Khan,Adamville
C49,Brittany Hurley,Byrdton
C50,Shelby Henderson,Valencialand
C51,Gabriel Holland,Joshuaview
C52,Kimberly Kim,North Rachelshire
C53,Kara Thomas,East Christinachester
C54,James Williams,South Betty
C55,Michael Taylor,West Lori
C56,Collin Pena,Mccoyberg
C57,Rachel Gillespie,Sarahmouth
C58,Kimberly Hampton,Alvarezberg
C59,Mark Beck,Laurenmouth
C60,Yolanda Leach,East Ginastad
C61,Chad Roberson,Rodriguezberg
C62,Katie Harris,West Angela
C63,Jennifer Butler,Stewartton
C64,Brittney Riley,Riveratown
C65,James Hendricks,Franklinstad
C66,David Trujillo,Kristinashire
C67,Diane Gonzalez,Christinetown
C68,Crystal Jones,South Kellychester
C69,Charles Garcia,South Deborah
C70,Deborah Coleman,Parkerburgh
C71,Dustin Marquez,Bettymouth
C72,Shane Johnson,East Diana
C73,Jasmine Grant,East Kevinchester
C74,Tamara Barnes,Tinaland
C75,Juan Adams,West Manuelstad
C76,Victoria Waters,Williamview
C77,Michael Hale Jr.,Faulknerhaven
C78,Denise Wade,North Destiny
C79,Daniel Lane,Lake Dawn
C80,Erika Gonzales,West Adamfurt
C81,Andrew Gonzalez,Janiceton
C82,David Larson,East Wendyport
C83,Jonathan House,Buckburgh
C84,Victoria Johnson,Morganbury
C85,Justin Wilson,Lauraborough
C86,Jared Reilly,Port Terri
C87,Stephen Smith,Port Davidville
C88,Linda Hamilton,North Josephmouth
C89,George Mann,North Shawn
C90,James Myers,Port Nicholasmouth
C91,Carrie Stevens,Samanthachester
C92,Nathan Sanchez,Coffeymouth
C93,Sarah Long,Johnnybury
C94,Stephanie Alvarez,East Jennifer
C95,John Carpenter,North Steven
C96,Robert Brown,Arthurshire
C97,Rebekah Garner,North Victor
C98,Barry Schmidt,Kimberlyfurt
C99,Ryan Kane,Port Michael
C100,Angela Fisher PhD,New Bernard
